{"version": "1", "message": "ERROR: Hidden Testcases server unreachable.", "problem_id": "cspp1_m10_a1_1", "user_id": "tezasrivishnu", "score": {"sample": {"0": {"execution_time": 0.10934901237487793, "passed": true}, "1": {"execution_time": 0.0624997615814209, "passed": true}, "2": {"execution_time": 0.06249713897705078, "passed": true}, "3": {"execution_time": 0.07877349853515625, "passed": true}, "4": {"execution_time": 0.07811951637268066, "passed": true}, "5": {"execution_time": 0.0676116943359375, "passed": false}, "6": {"execution_time": 0.06249833106994629, "passed": true}, "7": {"execution_time": 0.07811594009399414, "passed": true}, "8": {"execution_time": 0.07964587211608887, "passed": true}, "9": {"execution_time": 0.09529829025268555, "passed": false}, "10": {"execution_time": 0.08369660377502441, "passed": true}, "11": {"execution_time": 0.0625009536743164, "passed": true}, "12": {"execution_time": 0.07811450958251953, "passed": true}, "13": {"execution_time": 0.07953190803527832, "passed": false}, "14": {"execution_time": 0.06899881362915039, "passed": false}, "15": {"execution_time": 0.0625143051147461, "passed": false}, "16": {"execution_time": 0.0685567855834961, "passed": false}, "17": {"execution_time": 0.07811975479125977, "passed": true}, "18": {"execution_time": 0.06251955032348633, "passed": false}, "19": {"execution_time": 0.07811594009399414, "passed": false}, "20": {"execution_time": 0.06249690055847168, "passed": true}, "21": {"execution_time": 0.07809853553771973, "passed": false}, "22": {"execution_time": 0.07812070846557617, "passed": false}, "23": {"execution_time": 0.07449460029602051, "passed": false}, "24": {"execution_time": 0.0667109489440918, "passed": false}}}, "pylint_score": "-2/10"}