{"version": "1", "message": "ERROR: Hidden Testcases server unreachable.", "problem_id": "cspp1_m10_a1_1", "user_id": "tezasrivishnu", "score": {"sample": {"0": {"execution_time": 0.14802765846252441, "passed": true}, "1": {"execution_time": 0.09374332427978516, "passed": false}, "2": {"execution_time": 0.10196900367736816, "passed": false}, "3": {"execution_time": 0.07812070846557617, "passed": false}, "4": {"execution_time": 0.08915209770202637, "passed": false}, "5": {"execution_time": 0.09374427795410156, "passed": false}, "6": {"execution_time": 0.09374284744262695, "passed": false}, "7": {"execution_time": 0.06249856948852539, "passed": false}, "8": {"execution_time": 0.08224153518676758, "passed": false}, "9": {"execution_time": 0.07811951637268066, "passed": false}, "10": {"execution_time": 0.15623950958251953, "passed": false}, "11": {"execution_time": 0.07785439491271973, "passed": false}, "12": {"execution_time": 0.06191658973693848, "passed": false}, "13": {"execution_time": 0.08009505271911621, "passed": false}, "14": {"execution_time": 0.0612332820892334, "passed": false}, "15": {"execution_time": 0.09372162818908691, "passed": false}, "16": {"execution_time": 0.09374403953552246, "passed": false}, "17": {"execution_time": 0.0781393051147461, "passed": true}, "18": {"execution_time": 0.07811522483825684, "passed": false}, "19": {"execution_time": 0.06250309944152832, "passed": false}, "20": {"execution_time": 0.0776832103729248, "passed": true}, "21": {"execution_time": 0.07809925079345703, "passed": false}, "22": {"execution_time": 0.07812190055847168, "passed": false}, "23": {"execution_time": 0.07811951637268066, "passed": false}, "24": {"execution_time": 0.09838366508483887, "passed": false}}}, "pylint_score": "-1/10"}