{"version": "1", "message": "ERROR: Hidden Testcases server unreachable.", "problem_id": "cspp1_m10_a1_1", "user_id": "tezasrivishnu", "score": {"sample": {"0": {"execution_time": 0.171858549118042, "passed": true}, "1": {"execution_time": 0.055708885192871094, "passed": true}, "2": {"execution_time": 0.07811832427978516, "passed": false}, "3": {"execution_time": 0.0625002384185791, "passed": true}, "4": {"execution_time": 0.06956791877746582, "passed": false}, "5": {"execution_time": 0.07812118530273438, "passed": false}, "6": {"execution_time": 0.07811737060546875, "passed": false}, "7": {"execution_time": 0.06249713897705078, "passed": false}, "8": {"execution_time": 0.07812070846557617, "passed": true}, "9": {"execution_time": 0.07811760902404785, "passed": false}, "10": {"execution_time": 0.11371302604675293, "passed": false}, "11": {"execution_time": 0.08932614326477051, "passed": false}, "12": {"execution_time": 0.06249833106994629, "passed": false}, "13": {"execution_time": 0.07812118530273438, "passed": false}, "14": {"execution_time": 0.06249427795410156, "passed": false}, "15": {"execution_time": 0.0624997615814209, "passed": false}, "16": {"execution_time": 0.07811927795410156, "passed": false}, "17": {"execution_time": 0.06295347213745117, "passed": true}, "18": {"execution_time": 0.07811903953552246, "passed": true}, "19": {"execution_time": 0.06249713897705078, "passed": false}, "20": {"execution_time": 0.07812118530273438, "passed": true}, "21": {"execution_time": 0.06249594688415527, "passed": false}, "22": {"execution_time": 0.06745505332946777, "passed": false}, "23": {"execution_time": 0.07811903953552246, "passed": false}, "24": {"execution_time": 0.07378339767456055, "passed": false}}}, "pylint_score": "-2/10"}