{"version": "1", "message": "ERROR: Hidden Testcases server unreachable.", "problem_id": "cspp1_m10_a1_1", "user_id": "tezasrivishnu", "score": {"sample": {"0": {"execution_time": 0.15620946884155273, "passed": false}, "1": {"execution_time": 0.07811856269836426, "passed": true}, "2": {"execution_time": 0.07843470573425293, "passed": true}, "3": {"execution_time": 0.06251692771911621, "passed": true}, "4": {"execution_time": 0.07809925079345703, "passed": true}, "5": {"execution_time": 0.1718616485595703, "passed": false}, "6": {"execution_time": 0.09374427795410156, "passed": true}, "7": {"execution_time": 0.09250736236572266, "passed": true}, "8": {"execution_time": 0.06946563720703125, "passed": true}, "9": {"execution_time": 0.09374308586120605, "passed": false}, "10": {"execution_time": 0.07812166213989258, "passed": true}, "11": {"execution_time": 0.09374117851257324, "passed": true}, "12": {"execution_time": 0.07812190055847168, "passed": true}, "13": {"execution_time": 0.08118176460266113, "passed": false}, "14": {"execution_time": 0.06771564483642578, "passed": false}, "15": {"execution_time": 0.06248331069946289, "passed": false}, "16": {"execution_time": 0.06249594688415527, "passed": false}, "17": {"execution_time": 0.07811999320983887, "passed": false}, "18": {"execution_time": 0.062497615814208984, "passed": false}, "19": {"execution_time": 0.09374165534973145, "passed": false}, "20": {"execution_time": 0.07790732383728027, "passed": false}, "21": {"execution_time": 0.07812023162841797, "passed": false}, "22": {"execution_time": 0.06249713897705078, "passed": false}, "23": {"execution_time": 0.07811951637268066, "passed": false}, "24": {"execution_time": 0.06994318962097168, "passed": false}}}, "pylint_score": "-11/10"}