{"version": "1", "message": "ERROR: Hidden Testcases server unreachable.", "problem_id": "cspp1_m10_a1_1", "user_id": "tezasrivishnu", "score": {"sample": {"0": {"execution_time": 0.17188310623168945, "passed": false}, "1": {"execution_time": 0.07812142372131348, "passed": false}, "2": {"execution_time": 0.07809853553771973, "passed": false}, "3": {"execution_time": 0.07812285423278809, "passed": false}, "4": {"execution_time": 0.08008670806884766, "passed": false}, "5": {"execution_time": 0.07601332664489746, "passed": false}, "6": {"execution_time": 0.06248736381530762, "passed": false}, "7": {"execution_time": 0.07811450958251953, "passed": false}, "8": {"execution_time": 0.09374403953552246, "passed": false}, "9": {"execution_time": 0.06251645088195801, "passed": false}, "10": {"execution_time": 0.09372162818908691, "passed": false}, "11": {"execution_time": 0.09418106079101562, "passed": false}, "12": {"execution_time": 0.06250190734863281, "passed": false}, "13": {"execution_time": 0.07809901237487793, "passed": false}, "14": {"execution_time": 0.0625162124633789, "passed": false}, "15": {"execution_time": 0.07809996604919434, "passed": false}, "16": {"execution_time": 0.0625150203704834, "passed": false}, "17": {"execution_time": 0.07860112190246582, "passed": false}, "18": {"execution_time": 0.06177544593811035, "passed": false}, "19": {"execution_time": 0.07811641693115234, "passed": false}, "20": {"execution_time": 0.06251668930053711, "passed": false}, "21": {"execution_time": 0.07811927795410156, "passed": false}, "22": {"execution_time": 0.06247448921203613, "passed": false}, "23": {"execution_time": 0.06251788139343262, "passed": false}, "24": {"execution_time": 0.07870650291442871, "passed": false}}}, "pylint_score": "0/0"}