{"version": "1", "message": "ERROR: Hidden Testcases server unreachable.", "problem_id": "cspp1_m10_a1_1", "user_id": "tezasrivishnu", "score": {"sample": {"0": {"execution_time": 0.15625619888305664, "passed": false}, "1": {"execution_time": 0.0734395980834961, "passed": false}, "2": {"execution_time": 0.06607818603515625, "passed": false}, "3": {"execution_time": 0.06250858306884766, "passed": false}, "4": {"execution_time": 0.07810020446777344, "passed": false}, "5": {"execution_time": 0.06251239776611328, "passed": false}, "6": {"execution_time": 0.07809877395629883, "passed": false}, "7": {"execution_time": 0.0625162124633789, "passed": false}, "8": {"execution_time": 0.07809925079345703, "passed": false}, "9": {"execution_time": 0.06310391426086426, "passed": false}, "10": {"execution_time": 0.07811498641967773, "passed": false}, "11": {"execution_time": 0.07813405990600586, "passed": false}, "12": {"execution_time": 0.06250238418579102, "passed": false}, "13": {"execution_time": 0.06249570846557617, "passed": false}, "14": {"execution_time": 0.07809829711914062, "passed": false}, "15": {"execution_time": 0.0689384937286377, "passed": false}, "16": {"execution_time": 0.07180380821228027, "passed": false}, "17": {"execution_time": 0.0698399543762207, "passed": false}, "18": {"execution_time": 0.07812190055847168, "passed": false}, "19": {"execution_time": 0.0625145435333252, "passed": false}, "20": {"execution_time": 0.07811355590820312, "passed": false}, "21": {"execution_time": 0.0624849796295166, "passed": false}, "22": {"execution_time": 0.07811450958251953, "passed": false}, "23": {"execution_time": 0.07152199745178223, "passed": false}, "24": {"execution_time": 0.0625162124633789, "passed": false}}}, "pylint_score": "-11/10"}