{"version": "1", "message": "ERROR: Hidden Testcases server unreachable.", "problem_id": "cspp1_m10_a1_1", "user_id": "tezasrivishnu", "score": {"sample": {"0": {"execution_time": 0.14063215255737305, "passed": true}, "1": {"execution_time": 0.07809877395629883, "passed": false}, "2": {"execution_time": 0.06251692771911621, "passed": false}, "3": {"execution_time": 0.07809901237487793, "passed": false}, "4": {"execution_time": 0.07871127128601074, "passed": false}, "5": {"execution_time": 0.09374332427978516, "passed": false}, "6": {"execution_time": 0.07811689376831055, "passed": false}, "7": {"execution_time": 0.0805351734161377, "passed": false}, "8": {"execution_time": 0.05893206596374512, "passed": false}, "9": {"execution_time": 0.07811927795410156, "passed": false}, "10": {"execution_time": 0.09437727928161621, "passed": false}, "11": {"execution_time": 0.07811903953552246, "passed": false}, "12": {"execution_time": 0.07811975479125977, "passed": false}, "13": {"execution_time": 0.07811975479125977, "passed": false}, "14": {"execution_time": 0.06251811981201172, "passed": false}, "15": {"execution_time": 0.07810020446777344, "passed": false}, "16": {"execution_time": 0.07958507537841797, "passed": false}, "17": {"execution_time": 0.06056094169616699, "passed": true}, "18": {"execution_time": 0.08425021171569824, "passed": false}, "19": {"execution_time": 0.062496185302734375, "passed": false}, "20": {"execution_time": 0.07811856269836426, "passed": true}, "21": {"execution_time": 0.06249690055847168, "passed": false}, "22": {"execution_time": 0.07115721702575684, "passed": false}, "23": {"execution_time": 0.07956075668334961, "passed": false}, "24": {"execution_time": 0.05929422378540039, "passed": false}}}, "pylint_score": "-1/10"}