{"version": "1", "message": "ERROR: Hidden Testcases server unreachable.", "problem_id": "cspp1_m10_a1_1", "user_id": "tezasrivishnu", "score": {"sample": {"0": {"execution_time": 0.20134282112121582, "passed": false}, "1": {"execution_time": 0.07812356948852539, "passed": false}, "2": {"execution_time": 0.07811546325683594, "passed": false}, "3": {"execution_time": 0.0781254768371582, "passed": false}, "4": {"execution_time": 0.09373855590820312, "passed": false}, "5": {"execution_time": 0.08048796653747559, "passed": false}, "6": {"execution_time": 0.09373831748962402, "passed": false}, "7": {"execution_time": 0.062499284744262695, "passed": false}, "8": {"execution_time": 0.09374165534973145, "passed": false}, "9": {"execution_time": 0.07811808586120605, "passed": false}, "10": {"execution_time": 0.07812070846557617, "passed": false}, "11": {"execution_time": 0.09027504920959473, "passed": false}, "12": {"execution_time": 0.06301259994506836, "passed": false}, "13": {"execution_time": 0.07810711860656738, "passed": false}, "14": {"execution_time": 0.06250834465026855, "passed": false}, "15": {"execution_time": 0.07811784744262695, "passed": false}, "16": {"execution_time": 0.06433796882629395, "passed": false}, "17": {"execution_time": 0.07811903953552246, "passed": false}, "18": {"execution_time": 0.07960295677185059, "passed": false}, "19": {"execution_time": 0.06251764297485352, "passed": false}, "20": {"execution_time": 0.07809829711914062, "passed": false}, "21": {"execution_time": 0.0625152587890625, "passed": false}, "22": {"execution_time": 0.07809972763061523, "passed": false}, "23": {"execution_time": 0.07812023162841797, "passed": false}, "24": {"execution_time": 0.0821688175201416, "passed": false}}}, "pylint_score": "-11/10"}