{"version": "1", "message": "ERROR: Hidden Testcases server unreachable.", "problem_id": "cspp1_m10_a1_1", "user_id": "tezasrivishnu", "score": {"sample": {"0": {"execution_time": 0.3979756832122803, "passed": true}, "1": {"execution_time": 0.06992077827453613, "passed": false}, "2": {"execution_time": 0.07809782028198242, "passed": false}, "3": {"execution_time": 0.07814288139343262, "passed": false}, "4": {"execution_time": 0.07810091972351074, "passed": false}, "5": {"execution_time": 0.07811880111694336, "passed": false}, "6": {"execution_time": 0.09374022483825684, "passed": false}, "7": {"execution_time": 0.09449076652526855, "passed": false}, "8": {"execution_time": 0.09374427795410156, "passed": false}, "9": {"execution_time": 0.10936760902404785, "passed": false}, "10": {"execution_time": 0.062499046325683594, "passed": false}, "11": {"execution_time": 0.07811784744262695, "passed": false}, "12": {"execution_time": 0.07938671112060547, "passed": false}, "13": {"execution_time": 0.06055259704589844, "passed": false}, "14": {"execution_time": 0.07811880111694336, "passed": false}, "15": {"execution_time": 0.07810068130493164, "passed": false}, "16": {"execution_time": 0.062494754791259766, "passed": false}, "17": {"execution_time": 0.0625152587890625, "passed": true}, "18": {"execution_time": 0.06249737739562988, "passed": false}, "19": {"execution_time": 0.07811927795410156, "passed": false}, "20": {"execution_time": 0.06321358680725098, "passed": true}, "21": {"execution_time": 0.062493085861206055, "passed": false}, "22": {"execution_time": 0.07812142372131348, "passed": false}, "23": {"execution_time": 0.07252144813537598, "passed": false}, "24": {"execution_time": 0.07812285423278809, "passed": false}}}, "pylint_score": "-2/10"}