{"version": "1", "message": "ERROR: Hidden Testcases server unreachable.", "problem_id": "cspp1_m10_a1_1", "user_id": "tezasrivishnu", "score": {"sample": {"0": {"execution_time": 0.252716064453125, "passed": false}, "1": {"execution_time": 0.1165475845336914, "passed": false}, "2": {"execution_time": 0.08402228355407715, "passed": false}, "3": {"execution_time": 0.09374308586120605, "passed": false}, "4": {"execution_time": 0.06249666213989258, "passed": false}, "5": {"execution_time": 0.07813405990600586, "passed": false}, "6": {"execution_time": 0.0805966854095459, "passed": false}, "7": {"execution_time": 0.10936522483825684, "passed": false}, "8": {"execution_time": 0.07812070846557617, "passed": false}, "9": {"execution_time": 0.07812070846557617, "passed": false}, "10": {"execution_time": 0.06249809265136719, "passed": false}, "11": {"execution_time": 0.07811546325683594, "passed": false}, "12": {"execution_time": 0.07889747619628906, "passed": false}, "13": {"execution_time": 0.09374332427978516, "passed": false}, "14": {"execution_time": 0.07812023162841797, "passed": false}, "15": {"execution_time": 0.07813858985900879, "passed": false}, "16": {"execution_time": 0.062497854232788086, "passed": false}, "17": {"execution_time": 0.07811760902404785, "passed": true}, "18": {"execution_time": 0.0796046257019043, "passed": false}, "19": {"execution_time": 0.06041836738586426, "passed": false}, "20": {"execution_time": 0.07811546325683594, "passed": true}, "21": {"execution_time": 0.07811784744262695, "passed": false}, "22": {"execution_time": 0.06249833106994629, "passed": false}, "23": {"execution_time": 0.07811713218688965, "passed": false}, "24": {"execution_time": 0.06249499320983887, "passed": false}}}, "pylint_score": "-2/10"}