{"version": "1", "message": "ERROR: Hidden Testcases server unreachable.", "problem_id": "cspp1_m10_a1_1", "user_id": "tezasrivishnu", "score": {"sample": {"0": {"execution_time": 0.17186212539672852, "passed": false}, "1": {"execution_time": 0.07811737060546875, "passed": false}, "2": {"execution_time": 0.07812118530273438, "passed": false}, "3": {"execution_time": 0.07617354393005371, "passed": false}, "4": {"execution_time": 0.0638740062713623, "passed": false}, "5": {"execution_time": 0.06249737739562988, "passed": false}, "6": {"execution_time": 0.07811760902404785, "passed": false}, "7": {"execution_time": 0.07812190055847168, "passed": false}, "8": {"execution_time": 0.07811713218688965, "passed": false}, "9": {"execution_time": 0.07812356948852539, "passed": false}, "10": {"execution_time": 0.07865643501281738, "passed": false}, "11": {"execution_time": 0.07811999320983887, "passed": false}, "12": {"execution_time": 0.07812380790710449, "passed": false}, "13": {"execution_time": 0.06249070167541504, "passed": false}, "14": {"execution_time": 0.07811832427978516, "passed": false}, "15": {"execution_time": 0.0781240463256836, "passed": false}, "16": {"execution_time": 0.07938194274902344, "passed": false}, "17": {"execution_time": 0.06161618232727051, "passed": false}, "18": {"execution_time": 0.07809901237487793, "passed": false}, "19": {"execution_time": 0.0625145435333252, "passed": false}, "20": {"execution_time": 0.07810258865356445, "passed": false}, "21": {"execution_time": 0.06251358985900879, "passed": false}, "22": {"execution_time": 0.07809948921203613, "passed": false}, "23": {"execution_time": 0.0625159740447998, "passed": false}, "24": {"execution_time": 0.07860231399536133, "passed": false}}}, "pylint_score": "-11/10"}