{"version": "1", "message": "ERROR: Hidden Testcases server unreachable.", "problem_id": "cspp1_m10_a1_1", "user_id": "tezasrivishnu", "score": {"sample": {"0": {"execution_time": 0.1406264305114746, "passed": true}, "1": {"execution_time": 0.07809734344482422, "passed": true}, "2": {"execution_time": 0.06978368759155273, "passed": true}, "3": {"execution_time": 0.08056855201721191, "passed": true}, "4": {"execution_time": 0.06607675552368164, "passed": true}, "5": {"execution_time": 0.07811880111694336, "passed": false}, "6": {"execution_time": 0.07811927795410156, "passed": true}, "7": {"execution_time": 0.07811832427978516, "passed": true}, "8": {"execution_time": 0.0781393051147461, "passed": true}, "9": {"execution_time": 0.07810044288635254, "passed": false}, "10": {"execution_time": 0.09514832496643066, "passed": true}, "11": {"execution_time": 0.09374451637268066, "passed": true}, "12": {"execution_time": 0.07811832427978516, "passed": true}, "13": {"execution_time": 0.07812070846557617, "passed": false}, "14": {"execution_time": 0.07813882827758789, "passed": false}, "15": {"execution_time": 0.0807943344116211, "passed": false}, "16": {"execution_time": 0.09155774116516113, "passed": false}, "17": {"execution_time": 0.07812070846557617, "passed": true}, "18": {"execution_time": 0.07811760902404785, "passed": false}, "19": {"execution_time": 0.06247854232788086, "passed": false}, "20": {"execution_time": 0.07813763618469238, "passed": true}, "21": {"execution_time": 0.07812023162841797, "passed": false}, "22": {"execution_time": 0.07809853553771973, "passed": false}, "23": {"execution_time": 0.06305813789367676, "passed": false}, "24": {"execution_time": 0.07811880111694336, "passed": false}}}, "pylint_score": "-1/10"}