{"version": "1", "message": "ERROR: Hidden Testcases server unreachable.", "problem_id": "cspp1_m10_a1_1", "user_id": "tezasrivishnu", "score": {"sample": {"0": {"execution_time": 0.1669175624847412, "passed": true}, "1": {"execution_time": 0.0730125904083252, "passed": false}, "2": {"execution_time": 0.06251335144042969, "passed": false}, "3": {"execution_time": 0.062497854232788086, "passed": false}, "4": {"execution_time": 0.06247997283935547, "passed": false}, "5": {"execution_time": 0.09178662300109863, "passed": false}, "6": {"execution_time": 0.07472443580627441, "passed": false}, "7": {"execution_time": 0.07811880111694336, "passed": false}, "8": {"execution_time": 0.07070374488830566, "passed": false}, "9": {"execution_time": 0.07811951637268066, "passed": false}, "10": {"execution_time": 0.07811951637268066, "passed": false}, "11": {"execution_time": 0.10225629806518555, "passed": false}, "12": {"execution_time": 0.07520198822021484, "passed": false}, "13": {"execution_time": 0.0805368423461914, "passed": false}, "14": {"execution_time": 0.062497615814208984, "passed": false}, "15": {"execution_time": 0.07811975479125977, "passed": false}, "16": {"execution_time": 0.0625143051147461, "passed": false}, "17": {"execution_time": 0.07810020446777344, "passed": false}, "18": {"execution_time": 0.06909561157226562, "passed": false}, "19": {"execution_time": 0.06811952590942383, "passed": false}, "20": {"execution_time": 0.07007193565368652, "passed": false}, "21": {"execution_time": 0.07811903953552246, "passed": false}, "22": {"execution_time": 0.06251716613769531, "passed": false}, "23": {"execution_time": 0.07809877395629883, "passed": false}, "24": {"execution_time": 0.06251668930053711, "passed": false}}}, "pylint_score": "-11/10"}